loss,accuracy,sensitivity,specificity,MAcc,F1_score,auc,threshold
0.5995047059764101,0.7242524916943521,0.7152317880794702,0.7333333333333333,0.7242825607064017,0.7224080267558528,0.7705077262693156,0.5342937
