epoch,train_loss,train_accuracy,val_loss,val_accuracy,val_f1
1,0.5671697972149684,0.7415948275862069,0.3579356480728496,0.8125,0.8669354838709679
