auc,best_threshold,sensitivity,specificity,loss
0.7913907284768211,0.5005635,0.7417218543046358,0.7,0.2914664438891649
