epoch,train_loss,train_accuracy,val_loss,val_accuracy,val_F1_score,val_sensitivity,val_specificity,val_MAcc
1,0.16173650685584906,0.5305397727272727,0.1584123548339395,0.5268382352941177,0.6828660436137073,1.0,0.003913894324853229,0.5019569471624266
2,0.15729156136512756,0.5857007575757576,0.1535687078447903,0.6799632352941176,0.7517188693659281,0.8978102189781022,0.4735812133072407,0.6856957161426714
