epoch,train_loss,train_accuracy,val_loss,val_accuracy,val_f1
1,0.5756769632471019,0.7374137931034482,0.5156702697277069,0.7414772727272727,0.8271604938271605
