epoch,train_loss,train_accuracy,val_loss,val_accuracy,val_f1
1,0.6867630893693251,0.49724264705882354,0.6329929583212909,0.49300671355498726,0.0
