loss,accuracy,sensitivity,specificity,MAcc,F1_score,auc,threshold
0.2893555362854289,0.717607973421927,0.8410596026490066,0.5933333333333334,0.71719646799117,0.7492625368731564,0.77280353200883,0.4978532
