epoch,train_loss,train_accuracy,val_loss,val_accuracy,val_f1
1,0.7474724531173706,0.556875,0.5810177957310396,0.6433823529411765,0.5660377358490566
