epoch,train_loss,train_accuracy,val_loss,val_accuracy,val_f1
1,0.7986680685657345,0.4979071537290715,0.707901038906791,0.4460227272727273,0.4534883720930233
