loss,accuracy,sensitivity,specificity,MAcc,F1_score,auc,threshold
0.26709061351131363,0.7209302325581395,0.6423841059602649,0.8,0.7211920529801324,0.697841726618705,0.80158940397351,0.6254607
