epoch,train_loss,train_accuracy,val_loss,val_accuracy,val_F1_score,val_sensitivity,val_specificity,val_MAcc
1,0.9152373545097582,0.501657196969697,0.7600396617370493,0.48080357142857144,0.007266121707538601,0.0036496350364963502,0.49902152641878667,0.2513355807276415
2,0.7418557863795396,0.5461647727272727,0.6188049325171638,0.5122111344537815,0.07029876977152899,0.0364963503649635,0.4980430528375734,0.26726970160126845
3,0.7361974820043101,0.5482954545454546,0.5906370071803823,0.5140493697478992,0.07692307692307691,0.040145985401459854,0.49608610567514677,0.2681160455383033
4,0.7023618013569803,0.5594223484848485,0.5530640377717859,0.520483193277311,0.09019947961838681,0.04744525547445255,0.49510763209393344,0.271276443784193
