epoch,train_loss,train_accuracy,val_loss,val_accuracy,val_f1
1,0.7708848093293215,0.5740131578947368,0.5504531492205227,0.7389705882352942,0.7952167414050821
