epoch,train_loss,train_accuracy,val_loss,val_accuracy,val_f1
1,0.5107340245411314,0.7628448275862069,0.48834547942334955,0.7926136363636364,0.8636363636363636
