epoch,train_loss,train_accuracy,val_loss,val_accuracy,val_f1
1,0.8264441901239855,0.5282327586206896,0.5920661254362627,0.7869318181818182,0.867704280155642
