epoch,train_loss,train_accuracy,val_loss,val_accuracy,val_F1_score,val_sensitivity,val_specificity,val_MAcc
1,0.16170740240451062,0.5298295454545454,0.1583930516944212,0.5268382352941177,0.6828660436137073,1.0,0.003913894324853229,0.5019569471624266
2,0.15727782994508743,0.5852272727272727,0.15350532444084392,0.6799632352941176,0.7517188693659281,0.8978102189781022,0.4735812133072407,0.6856957161426714
