loss,accuracy,sensitivity,specificity,MAcc,F1_score,auc,threshold
0.19062139069741946,0.7441860465116279,0.7152317880794702,0.7733333333333333,0.7442825607064018,0.7372013651877133,0.8070640176600441,0.64849836
