epoch,train_loss,train_accuracy,val_loss,val_accuracy,val_f1
1,0.7672076123325449,0.5643503289473685,0.5535906097468208,0.7352941176470589,0.7903469079939668
