epoch,train_loss,train_accuracy,val_loss,val_accuracy,val_f1
1,0.6534083132086129,0.645,0.537123444405469,0.7698863636363636,0.8438818565400844
