loss,accuracy,sensitivity,specificity,MAcc,F1_score,auc,threshold
0.2065242421735957,0.7043189368770764,0.7284768211920529,0.68,0.7042384105960264,0.7119741100323624,0.7471964679911699,0.65097034
