loss,accuracy,sensitivity,specificity,MAcc,F1_score,auc,threshold
0.3354603436302109,0.6877076411960132,0.847682119205298,0.5266666666666666,0.6871743929359824,0.7314285714285714,0.730728476821192,0.40548676
