epoch,train_loss,train_accuracy,val_loss,val_accuracy,val_F1_score,val_sensitivity,val_specificity,val_MAcc
1,1.3409513144782095,0.501758658008658,0.4874030514196916,0.7911931818181818,0.0,0.0,0.9999999999805825,0.49999999999029127
2,1.2202920200246754,0.5090976731601732,0.48014067248864606,0.7911931818181818,0.0,0.0,0.9999999999805825,0.49999999999029127
3,1.1786571741104126,0.5190070346320346,0.472831054167314,0.7911931818181818,0.0,0.0,0.9999999999805825,0.49999999999029127
