loss,accuracy,sensitivity,specificity,MAcc,F1_score,auc,threshold
0.30914660931821675,0.6810631229235881,0.6556291390728477,0.7066666666666667,0.6811479028697571,0.673469387755102,0.7435761589403973,0.5730669
