epoch,train_loss,train_accuracy,val_loss,val_accuracy,val_f1
1,0.5520037866871933,0.7523275862068965,0.7426116574894298,0.6789772727272727,0.7557603686635945
